Battery_id,Cycle,Capacity,SOH
B0005,0,1.8564874208181572,1.0
B0005,1,1.846327249719927,0.9945272071416715
B0005,2,1.835349194223408,0.9886138595081707
B0005,3,1.8352625275821128,0.9885671763794174
B0005,4,1.8346455082120416,0.9882348178817771
B0005,5,1.8356616600675493,0.9887821697485943
B0005,6,1.8351461429226603,0.9885044855913477
B0005,7,1.8257567905665535,0.9834468955151549
B0005,8,1.8247738529891333,0.9829174345738105
B0005,9,1.824613268496936,0.9828309354731991
B0005,10,1.8246195526864504,0.9828343204622079
B0005,11,1.814201935767392,0.9772228539894281
B0005,12,1.8137521577549052,0.9769805803238794
B0005,13,1.8134404914735824,0.9768127007692818
B0005,14,1.8025980036306504,0.9709723768751648
B0005,15,1.80210690024615,0.9707078432300708
B0005,16,1.802579500826209,0.9709624103091468
B0005,17,1.8030683142834096,0.9712257104811377
B0005,18,1.802777624719604,0.9710691300699019
B0005,19,1.8470259949329195,0.994903587398902
B0005,20,1.847417311283644,0.9951143705942721
B0005,21,1.8361774213478947,0.9890599854098059
B0005,22,1.825780747577624,0.9834597999985366
B0005,23,1.8251136435078368,0.9831004632950898
B0005,24,1.825581504220376,0.9833524772367372
B0005,25,1.814031127508391,0.977130847840027
B0005,26,1.8147691941158937,0.9775284086310274
B0005,27,1.813969388710352,0.9770975921350077
B0005,28,1.802765665167823,0.9710626880376819
B0005,29,1.804077040117352,0.9717690623092357
B0005,30,1.8518025516704488,0.9974764875349149
B0005,31,1.8307038456739428,0.9861116348782738
B0005,32,1.8199041089501269,0.9802943389447217
B0005,33,1.809307963702852,0.9745867078945716
B0005,34,1.80460990458052,0.9720560906279803
B0005,35,1.7993770651972192,0.9692374130950107
B0005,36,1.7884432335370462,0.9633478867036309
B0005,37,1.7829230484252725,0.9603744299218226
B0005,38,1.7730337158018288,0.9550475246530082
B0005,39,1.773037755078937,0.9550497004162604
B0005,40,1.7678721106662054,0.9522672175646097
B0005,41,1.762315070409309,0.9492739086983167
B0005,42,1.7676172924938447,0.9521299593373236
B0005,43,1.762668359743147,0.949464208578551
B0005,44,1.7517304870664143,0.9435725054869608
B0005,45,1.7418496047960008,0.9382501520146928
B0005,46,1.7360913511847138,0.9351484592444022
B0005,47,1.7936240148573608,0.9661385230754257
B0005,48,1.7831890223273277,0.960517697201241
B0005,49,1.7673642076278957,0.9519936347583843
B0005,50,1.7570177850353066,0.9464205172265513
B0005,51,1.7468706179837907,0.9409547290193552
B0005,52,1.7417172507457144,0.9381788592880078
B0005,53,1.7364225056478186,0.9353268361401416
B0005,54,1.7263217239235826,0.9298860334657101
B0005,55,1.7158065389330133,0.9242220117908767
B0005,56,1.710533351135192,0.9213816005181209
B0005,57,1.706014499648521,0.9189475137389713
B0005,58,1.7003110272642588,0.91587532896664
B0005,59,1.6945798601797897,0.9127882263985314
B0005,60,1.6849029086609286,0.9075757205607076
B0005,61,1.6744741591159715,0.9019582574806932
B0005,62,1.6745692479879102,0.9020094772578231
B0005,63,1.663716375981405,0.8961635599169331
B0005,64,1.659013868748246,0.8936305466681351
B0005,65,1.6538540573335014,0.8908512057704356
B0005,66,1.642653782130131,0.8848181591266644
B0005,67,1.6378578430223698,0.8822348186450749
B0005,68,1.6327350407099108,0.8794754127611388
B0005,69,1.6277528915533617,0.8767917699307697
B0005,70,1.622125485521159,0.8737605584239755
B0005,71,1.6113256603765849,0.8679432148624368
B0005,72,1.6065631397488385,0.865377875300024
B0005,73,1.6015142233917594,0.8626582682073706
B0005,74,1.590369231400328,0.8566549999565575
B0005,75,1.5857889968242211,0.8541878490754121
B0005,76,1.5849430707374117,0.8537321895986371
B0005,77,1.5955263892495937,0.8594329115068512
B0005,78,1.5747301747801037,0.8482309964083233
B0005,79,1.5649019950937946,0.8429370312695895
B0005,80,1.5597659473370362,0.8401704907053152
B0005,81,1.5594815668184234,0.8400173086716404
B0005,82,1.55468935359061,0.8374359751414074
B0005,83,1.5488741079890418,0.8343035835418967
B0005,84,1.538236598942558,0.8285736718133293
B0005,85,1.527914258251028,0.8230135260370757
B0005,86,1.5285252629756445,0.8233426447360579
B0005,87,1.522647325284378,0.8201764839394089
B0005,88,1.5174859938489869,0.8173963242800902
B0005,89,1.5638491446744425,0.8423699116610505
B0005,90,1.5480915247767786,0.8338820438085877
B0005,91,1.5323755631868592,0.8254166152720489
B0005,92,1.5269528268489705,0.8224956494324318
B0005,93,1.5169573017136326,0.817111543392579
B0005,94,1.511897596014269,0.8143861246029738
B0005,95,1.5065638960681105,0.8115131183620761
B0005,96,1.5015453526671363,0.8088098717121405
B0005,97,1.4908444050400238,0.8030457886878685
B0005,98,1.485868384561201,0.8003654470798279
B0005,99,1.480413677976106,0.7974272604140162
B0005,100,1.4752095869031632,0.7946240682056632
B0005,101,1.4859035988304024,0.800384415303801
B0005,102,1.4960918298136696,0.8058723226653156
B0005,103,1.4808005946928984,0.7976356737393389
B0005,104,1.4697543268466824,0.7916855834115801
B0005,105,1.4539012274845928,0.7831462853887026
B0005,106,1.454146206723569,0.7832782438583529
B0005,107,1.455023751906683,0.7837509350133122
B0005,108,1.449042163761236,0.7805289427291895
B0005,109,1.4386709371480566,0.7749424644709049
B0005,110,1.433445432156979,0.7721277376203589
B0005,111,1.4333958900838095,0.7721010517012334
B0005,112,1.42806487344776,0.7692294908297355
B0005,113,1.4229203181741186,0.7664583676775117
B0005,114,1.417429032731308,0.7635004777498813
B0005,115,1.412409228794446,0.7607965521102183
B0005,116,1.412578792940193,0.7608878881159706
B0005,117,1.4075983731469897,0.7582051768100097
B0005,118,1.4333920485221476,0.7720989824377315
B0005,119,1.4382550176792908,0.7747184287655713
B0005,120,1.4173547174485526,0.7634604477007024
B0005,121,1.406981663677643,0.757872985240904
B0005,122,1.4012037783587623,0.7547607178190571
B0005,123,1.3967008232726328,0.7523351936621818
B0005,124,1.391284788852726,0.749417837821699
B0005,125,1.3862287677978349,0.7466944037718939
B0005,126,1.3804366761974138,0.7435744841131501
B0005,127,1.3752364150256224,0.740773354887346
B0005,128,1.3705128024895008,0.7382289732324249
B0005,129,1.37050855662704,0.7382266861916331
B0005,130,1.3647355108681518,0.7351170256067291
B0005,131,1.375392016895762,0.7408571700903982
B0005,132,1.3861115151535393,0.746631245442362
B0005,133,1.369850003583894,0.7378719555127385
B0005,134,1.3647827949260758,0.7351424952422321
B0005,135,1.3543220466259964,0.7295077959801873
B0005,136,1.3546417018378962,0.7296799787853684
B0005,137,1.354703921319241,0.7297134934112404
B0005,138,1.349314997503458,0.7268107407422197
B0005,139,1.3441891937970554,0.7240497181525037
B0005,140,1.3389913790695755,0.7212499067079483
B0005,141,1.3389145230206971,0.7212085080709221
B0005,142,1.3340066759761655,0.7185648881952922
B0005,143,1.3286444309174914,0.7156765060826297
B0005,144,1.323170899227622,0.712728179243196
B0005,145,1.3181691588445197,0.7100339835664495
B0005,146,1.3184664436640334,0.7101941165230105
B0005,147,1.318293040102702,0.7101007124097442
B0005,148,1.323872422244268,0.7131060557689289
B0005,149,1.3601216766554785,0.7326317762261327
B0005,150,1.3395306867947354,0.7215404057003532
B0005,151,1.3290286565120697,0.7158834698305494
B0005,152,1.3236741274998955,0.7129992439790139
B0005,153,1.318633896753293,0.7102843154047167
B0005,154,1.3134751321324272,0.7075055383642602
B0005,155,1.3132020634442203,0.7073584494666222
B0005,156,1.3077959946944353,0.7044464616507271
B0005,157,1.3030329186405918,0.7018808229071345
B0005,158,1.3033573559038203,0.7020555815721221
B0005,159,1.3034100438655642,0.7020839620292979
B0005,160,1.2978870806495706,0.6991090088170862
B0005,161,1.2980735056918902,0.6992094269724849
B0005,162,1.293463613844243,0.6967263011532884
B0005,163,1.288003392619118,0.6937851440175623
B0005,164,1.2874525221379407,0.6934884167276276
B0005,165,1.3090153642307354,0.705103277055252
B0005,166,1.3250793286429356,0.7137561578838875
B0006,0,2.035337591005598,1.0
B0006,1,2.025140246031412,0.9949898508143076
B0006,2,2.013326371345464,0.9891854698908897
B0006,3,2.0132846655407413,0.9891649790372313
B0006,4,2.000528337624771,0.9828975529491258
B0006,5,2.0138990759931645,0.989466850557287
B0006,6,2.013101105626967,0.98907479256665
B0006,7,1.96878982627284,0.9673038197560736
B0006,8,1.9681661764334244,0.9669974087497759
B0006,9,1.9572307917560536,0.9616246466459876
B0006,10,1.9455991514129352,0.9559098009149796
B0006,11,1.934750504484113,0.9505796547137971
B0006,12,1.9232799539368028,0.9449439554578114
B0006,13,1.911889930948487,0.939347820920401
B0006,14,1.9010667141979305,0.9340301690486008
B0006,15,1.8891989948061456,0.9281993331989462
B0006,16,1.878278372248849,0.9228338240050139
B0006,17,1.8675697161520208,0.9175724579573612
B0006,18,1.8675892574453767,0.9175820589657847
B0006,19,1.979626548250818,0.9726281070025072
B0006,20,1.9575499080884025,0.9617814345585968
B0006,21,1.9458150170787551,0.956015859814876
B0006,22,1.9242461121680092,0.9454186473396279
B0006,23,1.945981133142164,0.9560974757905957
B0006,24,1.901407930553079,0.9341978151219875
B0006,25,1.878674213680085,0.923028308415357
B0006,26,1.8683061328264217,0.9179342734506017
B0006,27,1.8560244070083,0.9119000283836428
B0006,28,1.8451997961855775,0.9065816915777204
B0006,29,1.857228890885317,0.9124918141799352
B0006,30,1.9247760889090637,0.9456790349742868
B0006,31,1.8822317526092551,0.9247761948322795
B0006,32,1.855276687885587,0.9115326597829658
B0006,33,1.839250891718188,0.9036588818710268
B0006,34,1.8185396073994429,0.8934830346748316
B0006,35,1.8134770059567056,0.8909956824708977
B0006,36,1.7971018450305436,0.8829502550201761
B0006,37,1.7810046294120476,0.8750413873759919
B0006,38,1.7710130422682329,0.8701323309187394
B0006,39,1.7604712448170945,0.8649529456915791
B0006,40,1.7502913788006589,0.8599513842496731
B0006,41,1.7394925037732578,0.8546456919285944
B0006,42,1.7546766553637203,0.8621059538809914
B0006,43,1.7659390941842177,0.8676394038945261
B0006,44,1.7337887419624838,0.8518433254632082
B0006,45,1.713325912040734,0.8417895486292435
B0006,46,1.7024077813673466,0.8364252637451849
B0006,47,1.82371946178183,0.8960279954741002
B0006,48,1.8081284050314708,0.8883678132914206
B0006,49,1.7757610945034283,0.8724651391251901
B0006,50,1.7447409841836798,0.8572243699983239
B0006,51,1.729207034132373,0.8495922454210777
B0006,52,1.7081086552553244,0.8392262113192732
B0006,53,1.6975954237461768,0.8340608610817466
B0006,54,1.6820634524029463,0.8264297086813447
B0006,55,1.6714768322295086,0.821228301199745
B0006,56,1.6607591387047655,0.8159624948921792
B0006,57,1.651121015038069,0.8112271017518528
B0006,58,1.640134925619093,0.8058294274458678
B0006,59,1.629199941616544,0.8004568622012264
B0006,60,1.6088496302961666,0.7904583678923177
B0006,61,1.6035244898969248,0.7878420253146665
B0006,62,1.5989712144027983,0.7856049146190022
B0006,63,1.5876273123575604,0.780031440176547
B0006,64,1.5829719744686166,0.7777441842886215
B0006,65,1.567137636713563,0.7699644735295673
B0006,66,1.5613446139713882,0.7671182514739364
B0006,67,1.551171189279042,0.7621198547768461
B0006,68,1.5406741606295171,0.7569624653118686
B0006,69,1.5253138744624433,0.7494156650980108
B0006,70,1.5301570318067428,0.7517952002501654
B0006,71,1.524656683447409,0.7490927746753415
B0006,72,1.5145492986655429,0.7441268246400591
B0006,73,1.509391504602082,0.7415927024943012
B0006,74,1.5039974333050703,0.7389424928579004
B0006,75,1.4935201918040188,0.7337948251946333
B0006,76,1.4876323024497422,0.7309019933714036
B0006,77,1.5302876214401704,0.7518593614163546
B0006,78,1.5040760088360112,0.7389810985080334
B0006,79,1.4887593608730894,0.7314557385723608
B0006,80,1.4782779285546637,0.7263060118809538
B0006,81,1.478459982215684,0.7263954583009604
B0006,82,1.473214844899973,0.7238184227571322
B0006,83,1.4675164935067897,0.7210187145326269
B0006,84,1.4516292657521337,0.7132130179126344
B0006,85,1.4519237720967175,0.7133577144710261
B0006,86,1.4471484694777743,0.7110115176336829
B0006,87,1.4468538105659885,0.7108667461161282
B0006,88,1.4416741930284678,0.708321901683239
B0006,89,1.5463902376915637,0.759770882494014
B0006,90,1.51470559175661,0.7442036144029749
B0006,91,1.4989786083335404,0.7364766488653811
B0006,92,1.4831110745410492,0.7286806282628964
B0006,93,1.4729664825468278,0.7236963976177928
B0006,94,1.4627604396099307,0.7186819749578868
B0006,95,1.4518364681062514,0.7133148203630159
B0006,96,1.4468670644030392,0.7108732579778997
B0006,97,1.441380399427779,0.7081775553094546
B0006,98,1.431210744960774,0.7031810109956533
B0006,99,1.4260247179525716,0.7006330174681323
B0006,100,1.420487649966195,0.6979125508434085
B0006,101,1.4207006230355006,0.6980171885557206
B0006,102,1.452255804330839,0.7135208482113887
B0006,103,1.431557632772571,0.7033514435633659
B0006,104,1.415015751158943,0.6952241030736463
B0006,105,1.4097311506517451,0.6926276785146194
B0006,106,1.404917318129309,0.6902625512041874
B0006,107,1.395164296571563,0.6854707065486149
B0006,108,1.3945343832614077,0.6851612181802287
B0006,109,1.3893171179312644,0.6825978766720686
B0006,110,1.3838379472327809,0.6799058560840853
B0006,111,1.3736814238195123,0.674915763306282
B0006,112,1.3786059891863676,0.6773352957654757
B0006,113,1.3737600299108574,0.6749543839713218
B0006,114,1.3682580583942712,0.6722511609085237
B0006,115,1.3633024037317505,0.6698163536881292
B0006,116,1.35809661401726,0.6672586503678075
B0006,117,1.353269090999531,0.6648867966571198
B0006,118,1.3841605738237488,0.6800643686533974
B0006,119,1.4051467790651473,0.6903752897183545
B0006,120,1.378719022627353,0.6773908312410081
B0006,121,1.3682657783199066,0.6722549538545536
B0006,122,1.3573151296618016,0.6668746922672389
B0006,123,1.3524934638801596,0.6645057163278422
B0006,124,1.3474099151661236,0.6620080723318286
B0006,125,1.3370075130842318,0.656897174696045
B0006,126,1.3312352966718526,0.6540611751852576
B0006,127,1.3259303781727645,0.6514547680110713
B0006,128,1.321578743867529,0.6493167274597319
B0006,129,1.321225074066109,0.6491429627717592
B0006,130,1.3156485301862682,0.6464031008911139
B0006,131,1.3209025697502388,0.648984510278524
B0006,132,1.3474328767273906,0.6620193537828117
B0006,133,1.3260128072353616,0.6514952669744675
B0006,134,1.3101186784831065,0.643686179763337
B0006,135,1.30521620229393,0.6412775001365069
B0006,136,1.3004061951355774,0.6389142523000749
B0006,137,1.300235735841116,0.6388305024124815
B0006,138,1.2895066722480757,0.6335591097744969
B0006,139,1.279253057384795,0.6285213141239901
B0006,140,1.2792078171714618,0.6284990867482796
B0006,141,1.274036760902923,0.6259584486293798
B0006,142,1.2741273923001468,0.6260029775555019
B0006,143,1.263763942644078,0.6209112179860496
B0006,144,1.2581373688955233,0.618146775481072
B0006,145,1.253259864055301,0.6157503647520722
B0006,146,1.2532313315493426,0.6157363461901961
B0006,147,1.2480874960313575,0.6132090821428379
B0006,148,1.2534354284944844,0.6158366228941904
B0006,149,1.28980487732669,0.6337056235911394
B0006,150,1.2635402021758837,0.6208012900462411
B0006,151,1.2479761706842851,0.6131543858862737
B0006,152,1.2321202877943334,0.6053640895934027
B0006,153,1.2271137666213534,0.6029042906907026
B0006,154,1.2217397581377356,0.6002639382954212
B0006,155,1.211102678915174,0.5950377393250057
B0006,156,1.2056159765131735,0.5923420182680926
B0006,157,1.2008936262717274,0.5900218379391315
B0006,158,1.1905903985558337,0.5849596665522202
B0006,159,1.185179251041941,0.5823010670462684
B0006,160,1.1796706818144624,0.5795946024028492
B0006,161,1.1745952836753917,0.5771009629390572
B0006,162,1.15381833159625,0.5668928519254556
B0006,163,1.1644009557372264,0.5720922960804411
B0006,164,1.1587974947916069,0.5693392093343496
B0006,165,1.1749748834769171,0.5772874675283711
B0006,166,1.1856752327929356,0.582544752296905
B0007,0,1.89105229539079,1.0
B0007,1,1.880637027686859,0.9944923428456648
B0007,2,1.8806626717011388,0.9945059035569906
B0007,3,1.8807709009833444,0.9945631358622364
B0007,4,1.8794508728285055,0.9938650969142622
B0007,5,1.8807003517117404,0.9945258289766596
B0007,6,1.8799352523566075,0.9941212397661985
B0007,7,1.88150881240388,0.9949533479268812
B0007,8,1.8696907870385844,0.9887039039563995
B0007,9,1.870052380139199,0.9888951165957833
B0007,10,1.8700442394188577,0.9888908117331621
B0007,11,1.8596518987766364,0.9833952785490447
B0007,12,1.8590746560862208,0.9830900290898825
B0007,13,1.8590084577709232,0.9830550230165661
B0007,14,1.8593622586957048,0.9832421151057928
B0007,15,1.8587355450601035,0.9829107051087616
B0007,16,1.847817291322145,0.977137065868551
B0007,17,1.8485252916137047,0.9775114607455649
B0007,18,1.848378951850034,0.9774340753850292
B0007,19,1.8807805437609768,0.9945682350219244
B0007,20,1.88147215974436,0.9949339657767369
B0007,21,1.8810954313244783,0.9947347494881129
B0007,22,1.8710089649779995,0.9894009644991608
B0007,23,1.8701995151941373,0.9889729225111972
B0007,24,1.8706715362800983,0.9892225301434723
B0007,25,1.8596124644020169,0.9833744254109715
B0007,26,1.860033909718346,0.9835972882674648
B0007,27,1.8591653109160768,0.9831379679174215
B0007,28,1.8481398178778288,0.9773076198804469
B0007,29,1.849201702126164,0.9778691507545129
B0007,30,1.8834677437950849,0.995989242807197
B0007,31,1.8628211117905844,0.9850711777410832
B0007,32,1.852085039652352,0.9793938772431541
B0007,33,1.8469504648208708,0.9766786827220949
B0007,34,1.836828431169018,0.9713260895248977
B0007,35,1.8371619619672277,0.97150246264743
B0007,36,1.8316722583718852,0.9685994738677315
B0007,37,1.8211470951317783,0.9630337032828774
B0007,38,1.816506091511515,0.960579512231908
B0007,39,1.8113815601504557,0.9578696287593305
B0007,40,1.8116056333939583,0.9579881200586186
B0007,41,1.8060548955557405,0.9550528559986309
B0007,42,1.8132041826994056,0.9588334426916011
B0007,43,1.8062641938283532,0.9551635342031009
B0007,44,1.7958310249900458,0.9496464108196084
B0007,45,1.7858852600390451,0.9443870295876657
B0007,46,1.780326860450275,0.9414477139472056
B0007,47,1.8150756899575575,0.9598231071565729
B0007,48,1.815702515484584,0.960154576322473
B0007,49,1.800243217805667,0.9519796053200332
B0007,50,1.7904476205609308,0.9467996336880419
B0007,51,1.780343032300132,0.9414562657201504
B0007,52,1.775328769596812,0.9388046929870528
B0007,53,1.770262973473285,0.936125869066702
B0007,54,1.760081061854204,0.9307416120348377
B0007,55,1.749647593537689,0.9252243302854406
B0007,56,1.749650075059311,0.9252256425292258
B0007,57,1.745028739214683,0.9227818519180979
B0007,58,1.739645745528673,0.919935291989993
B0007,59,1.7285642277717963,0.9140753177397375
B0007,60,1.723900324588418,0.9116090172599749
B0007,61,1.7139788776485192,0.9063624955407813
B0007,62,1.7139701997004613,0.9063579065888634
B0007,63,1.7036521173638766,0.9009016416501656
B0007,64,1.7040137474382486,0.9010928738414982
B0007,65,1.6935716157343033,0.8955710108399318
B0007,66,1.6876577363877656,0.8924437153331117
B0007,67,1.6830744356583152,0.8900200379231206
B0007,68,1.6779270142025482,0.8872980500287017
B0007,69,1.6732060275966172,0.884801563486559
B0007,70,1.6674367208253988,0.8817507188402843
B0007,71,1.6622662630667526,0.8790165492082501
B0007,72,1.6574243065763063,0.87645609305257
B0007,73,1.652538684928734,0.8738725464951953
B0007,74,1.6472174627573322,0.8710586517211737
B0007,75,1.6364136810898071,0.8653455460107404
B0007,76,1.6362554312048496,0.8652618625053486
B0007,77,1.641119179218384,0.8678338421514901
B0007,78,1.6315700789656966,0.8627842196339309
B0007,79,1.621213282987236,0.8573074826850354
B0007,80,1.6164273214762122,0.8547766370163623
B0007,81,1.615823510161921,0.8544573379066747
B0007,82,1.61672418029789,0.8549336177737964
B0007,83,1.6108655863730026,0.851835557535501
B0007,84,1.6006603374309376,0.8464389595847521
B0007,85,1.5959174487005665,0.8439308910654778
B0007,86,1.5962179519462243,0.8440897990165642
B0007,87,1.5958065114633972,0.8438722267771133
B0007,88,1.5906507821480704,0.8411458456358337
B0007,89,1.6259938279733204,0.8598354640622486
B0007,90,1.6157433862812898,0.8544149679093845
B0007,91,1.6056626764846538,0.8490842270191371
B0007,92,1.5949746921524348,0.8434323556466374
B0007,93,1.5904102438871943,0.841018647534828
B0007,94,1.5853517062988178,0.8383436619721834
B0007,95,1.5799737147242376,0.8354997471911441
B0007,96,1.5752185465278068,0.8329851852152426
B0007,97,1.569798484648868,0.8301190234003898
B0007,98,1.5702565375950357,0.830361244595057
B0007,99,1.565249873909438,0.8277136902689282
B0007,100,1.559633933561147,0.8247439467235069
B0007,101,1.5649820533392105,0.8275720651161599
B0007,102,1.57497949984227,0.8328587758683834
B0007,103,1.5652811168780458,0.8277302117414882
B0007,104,1.559755497470126,0.8248082304608076
B0007,105,1.549897685670499,0.8195953593923267
B0007,106,1.543877153134502,0.8164116650277281
B0007,107,1.5450187488690073,0.8170153478223752
B0007,108,1.5445940154102908,0.816790746176111
B0007,109,1.5343086721758876,0.8113517938745419
B0007,110,1.5287603942958483,0.8084178306554588
B0007,111,1.5289260249179843,0.8085054171397351
B0007,112,1.529091650133123,0.8085930007647584
B0007,113,1.5239059324661248,0.8058507616000151
B0007,114,1.5186675419100617,0.8030806686899294
B0007,115,1.5136482266426952,0.8004264241301146
B0007,116,1.5136050185229033,0.8004035754125528
B0007,117,1.5139470614867965,0.8005844498202711
B0007,118,1.5339599193158786,0.8111673712327889
B0007,119,1.5391372798653098,0.8139051911027366
B0007,120,1.5236247972838737,0.8057020955991137
B0007,121,1.5135813035589147,0.8003910347947992
B0007,122,1.5077850749847914,0.797325953734772
B0007,123,1.5031960676037333,0.7948992586125676
B0007,124,1.497822059699588,0.7920574504207774
B0007,125,1.492848534633516,0.7894274199989884
B0007,126,1.492414389867026,0.7891978415957107
B0007,127,1.487482776538081,0.7865899743564149
B0007,128,1.482535148640411,0.783973638515397
B0007,129,1.4827874322228984,0.7841070476141841
B0007,130,1.476971179775059,0.7810313778074761
B0007,131,1.4819015554137276,0.7836385905485969
B0007,132,1.4981366198874824,0.792223791768746
B0007,133,1.4820775214392872,0.7837316424573085
B0007,134,1.4771155312812152,0.7811077117652985
B0007,135,1.4720772783056488,0.7784434528297595
B0007,136,1.472248013656454,0.778533738725724
B0007,137,1.4670106672274663,0.775764197956411
B0007,138,1.461767249533538,0.7729914466651282
B0007,139,1.4566952670489708,0.7703093513592872
B0007,140,1.451354972758956,0.7674853711324945
B0007,141,1.451615926257375,0.7676233649357621
B0007,142,1.4468161332173683,0.7650852050701119
B0007,143,1.4467570607768785,0.7650539672029023
B0007,144,1.4413797481446793,0.7622104114507394
B0007,145,1.4362456252208178,0.7594954559011889
B0007,146,1.4368154153924828,0.759796764422933
B0007,147,1.4362945145860049,0.7595213088960036
B0007,148,1.4418575315878015,0.7624630662526647
B0007,149,1.4672063484781797,0.7758676753965592
B0007,150,1.4518640367848883,0.7677545672975995
B0007,151,1.44713797527485,0.7652553971151792
B0007,152,1.441790586562399,0.7624276653144856
B0007,153,1.431630947911111,0.7570551863639823
B0007,154,1.4318084249673686,0.7571490373149529
B0007,155,1.4262562585106868,0.7542130177927987
B0007,156,1.4260877528924911,0.7541239109930522
B0007,157,1.4212633510031694,0.7515727378176299
B0007,158,1.4163272748795108,0.7489625106252409
B0007,159,1.4165781829175994,0.7490951923277513
B0007,160,1.4108401729425175,0.7460608976183625
B0007,161,1.4109949628347804,0.7461427514584917
B0007,162,1.40617142903988,0.7435920373366997
B0007,163,1.4063358479692922,0.7436789830704655
B0007,164,1.4004552399066514,0.7405692816217144
B0007,165,1.4217865046055154,0.7518493846367692
B0007,166,1.4324552720625434,0.7574910940083355
B0018,0,1.8550045207910817,1.0
B0018,1,1.8431955317089987,0.993633983664338
B0018,2,1.8396018424355425,0.9916966895859798
B0018,3,1.8306736044962053,0.9868836350412233
B0018,4,1.8327002069419656,0.9879761404357094
B0018,5,1.8285288846046388,0.9857274546289774
B0018,6,1.8212011895697924,0.9817772243450524
B0018,7,1.815170010643328,0.9785259228744273
B0018,8,1.8042980520967649,0.9726650430627023
B0018,9,1.8231002302844224,0.9828009634752516
B0018,10,1.8121253520255491,0.9768846014740458
B0018,11,1.8046916382117768,0.9728772183488542
B0018,12,1.790844349786295,0.9654123910288773
B0018,13,1.783470722841926,0.9614373996680884
B0018,14,1.7809386125310702,0.9600723839592448
B0018,15,1.771209039672698,0.9548273439880091
B0018,16,1.7686303996707076,0.9534372449488483
B0018,17,1.7536304801917124,0.9453510546938519
B0018,18,1.7462197416415093,0.9413560571253055
B0018,19,1.7376647337053737,0.9367442042482638
B0018,20,1.7315166735475835,0.933429894181155
B0018,21,1.7085949894470602,0.9210732212762566
B0018,22,1.711469957068211,0.9226230652733616
B0018,23,1.7075021373272627,0.9204840841029782
B0018,24,1.7492382064360228,0.9429832579006578
B0018,25,1.7327697147429957,0.9341053864408061
B0018,26,1.7222313328292376,0.9284243318688938
B0018,27,1.711846298984729,0.9228259445182906
B0018,28,1.699267835126687,0.916045117993578
B0018,29,1.6940366439243106,0.9132250757005568
B0018,30,1.6819027078768087,0.9066838862255429
B0018,31,1.6769770618433686,0.9040285579078848
B0018,32,1.6655229306478936,0.8978538391580942
B0018,33,1.6571924575832084,0.8933630290434469
B0018,34,1.6482241555294048,0.8885283766459535
B0018,35,1.6387701497987262,0.8834318900203323
B0018,36,1.6276486907262062,0.8774365089051547
B0018,37,1.62215370227252,0.8744742581978935
B0018,38,1.6140066510467586,0.8700823275398015
B0018,39,1.6760516154424625,0.9035296661852321
B0018,40,1.649300642552199,0.8891086916860135
B0018,41,1.63238299185809,0.8799886865838726
B0018,42,1.6164159719025777,0.8713811496336645
B0018,43,1.6109028378249377,0.8684091169427205
B0018,44,1.5954638693695655,0.8600862431802414
B0018,45,1.726707440085764,0.930837321813855
B0018,46,1.7165673917429751,0.9253710017973061
B0018,47,1.6958235570934848,0.914188368861919
B0018,48,1.6777783190792557,0.9044605014567585
B0018,49,1.6606586897774192,0.895231613273491
B0018,50,1.6664109274827466,0.8983325424846361
B0018,51,1.6468336174407805,0.8877787622525443
B0018,52,1.6257639928779952,0.8764205017595725
B0018,53,1.6121577411874597,0.8690856130635962
B0018,54,1.6057366823755344,0.8656241342693628
B0018,55,1.673645314879889,0.9022324722778301
B0018,56,1.6404348572349936,0.8843293042409497
B0018,57,1.6132653317422077,0.8696826954654632
B0018,58,1.5920964324686278,0.8582709177386076
B0018,59,1.5866011820698824,0.855308525821416
B0018,60,1.580076649033625,0.8517912659101168
B0018,61,1.5641732953289167,0.8432180503052695
B0018,62,1.555618272193922,0.8386061892347928
B0018,63,1.5402045278637395,0.8302969133503281
B0018,64,1.5321613015959863,0.8259609528835993
B0018,65,1.5316232403693415,0.8256708936300426
B0018,66,1.5222595950771978,0.8206231187124103
B0018,67,1.5065267126851285,0.812141801165346
B0018,68,1.5014219556532926,0.8093899172887186
B0018,69,1.4963534117486457,0.8066575552659644
B0018,70,1.5334262000312422,0.826642837170715
B0018,71,1.523845267514426,0.8214779265683784
B0018,72,1.501192099426124,0.8092660058779417
B0018,73,1.492417671450291,0.8045358675534857
B0018,74,1.483323851940123,0.799633550923934
B0018,75,1.4807376792294196,0.7982393911352555
B0018,76,1.4735077809902477,0.7943418813674149
B0018,77,1.46801928526661,0.7913831307756389
B0018,78,1.458092355711902,0.786031699313642
B0018,79,1.44786609888914,0.7805189058362434
B0018,80,1.4527808777541982,0.7831683758563823
B0018,81,1.4425356364492432,0.7776453481817188
B0018,82,1.4392712877203313,0.7758855957432074
B0018,83,1.4286475681888218,0.7701585371768062
B0018,84,1.4249026750004896,0.7681397317526905
B0018,85,1.4698115324524124,0.7923492994106556
B0018,86,1.4525819651050202,0.7830611455790711
B0018,87,1.442834198908794,0.7778062979024363
B0018,88,1.428376058807949,0.7700121712904541
B0018,89,1.4154547844370715,0.7630465417051595
B0018,90,1.454576670077708,0.7841364556121901
B0018,91,1.4283179548274056,0.7699808484662279
B0018,92,1.4197026883204058,0.7653365112635747
B0018,93,1.4155606630306516,0.7631036189749955
B0018,94,1.405680035419228,0.7577771480684934
B0018,95,1.4084461071166137,0.759268288206635
B0018,96,1.3968547782872414,0.7530196086484692
B0018,97,1.3935670371440676,0.751247245774781
B0018,98,1.3893644292809475,0.7489816944965945
B0018,99,1.378565141566671,0.7431599902402237
B0018,100,1.384901110085747,0.7465755983684312
B0018,101,1.3703251814242443,0.7387179740348331
B0018,102,1.3733464385229082,0.7403466800917733
B0018,103,1.3679487285504814,0.7374368704864981
B0018,104,1.3567141087089647,0.7313804864100185
B0018,105,1.4604310209194575,0.7872924322020762
B0018,106,1.4500998937104097,0.7817231049614924
B0018,107,1.4381406901824496,0.7752761106852413
B0018,108,1.4283681980964316,0.7700079337204485
B0018,109,1.4147874517552432,0.7626867945054364
B0018,110,1.413889163393182,0.7622025431993112
B0018,111,1.3989331662177225,0.7541400306782735
B0018,112,1.3953322584033976,0.7521988452127043
B0018,113,1.390046129540245,0.7493491870022229
B0018,114,1.3860271454209647,0.747182624023947
B0018,115,1.388215260193751,0.7483621978461461
B0018,116,1.3761826562394497,0.7418756347033405
B0018,117,1.3647168898640163,0.7356946436346267
B0018,118,1.3589854739373584,0.7326049390746541
B0018,119,1.34623087640088,0.7257291620112973
B0018,120,1.4268427818454643,0.7691856089045949
B0018,121,1.4064481483279665,0.7581912240991064
B0018,122,1.3934907492075153,0.7512061203027418
B0018,123,1.3882493512249316,0.7483805757157408
B0018,124,1.3701878338420928,0.7386439323920165
B0018,125,1.379695166560862,0.7437691666500521
B0018,126,1.3686586323935683,0.7378195670433692
B0018,127,1.3627371779096438,0.7346274160714679
B0018,128,1.3634051133928071,0.7349874882306874
B0018,129,1.3518646035305233,0.7287662042753458
B0018,130,1.3547969729652622,0.7303469925709389
B0018,131,1.341051440640485,0.7229370201580871
B0025,0,1.847011162956716,0.9989331452015167
B0025,1,1.8485654344528384,0.9997737537182693
B0025,2,1.847111177186175,0.9989872366606275
B0025,3,1.8489837601535537,1.0
B0025,4,1.837012071856044,0.9935252604400834
B0025,5,1.817549211247137,0.9829990129800782
B0025,6,1.839863822522073,0.9950675945197467
B0025,7,1.8430595619731431,0.9967959706796351
B0025,8,1.8401871729536057,0.9952424746017144
B0025,9,1.8281265632888255,0.9887196430200144
B0025,10,1.8253563336445804,0.9872213985767992
B0025,11,1.8214180552626156,0.9850914294192347
B0025,12,1.830315627968932,0.9899035715797356
B0025,13,1.8175491643824844,0.9829989876339105
B0025,14,1.810901200296979,0.9794035184747042
B0025,15,1.8083032603084237,0.977998454761035
B0025,16,1.7928016149381063,0.9696145815738362
B0025,17,1.812563150045885,0.9803023634428005
B0025,18,1.807772607491239,0.9777114577475293
B0025,19,1.8048055175003967,0.9761067438204606
B0025,20,1.800538555899242,0.9737990104086752
B0025,21,1.7942356098033032,0.9703901399622332
B0025,22,1.807409052434889,0.9775148334914461
B0025,23,1.7902504816962077,0.9682348327102298
B0025,24,1.7961223845359495,0.9714105787423389
B0025,25,1.7912236690350776,0.9687611690468935
B0025,26,1.7854822365303245,0.9656559862819154
B0025,27,1.7677890780323615,0.9560868603224243
B0027,0,1.8233077742149364,1.0
B0027,1,1.814238465116796,0.9950259033464356
B0027,2,1.812859679313087,0.9942697030914881
B0027,3,1.814424244673997,0.9951277948426649
B0027,4,1.812800333853042,0.994237154850931
B0027,5,1.7946038703195293,0.9842572360512387
B0027,6,1.816519171293833,0.9962767652191762
B0027,7,1.819833556519024,0.9980945522500126
B0027,8,1.816980986440728,0.9965300494717999
B0027,9,1.8047602710768988,0.9898275522101453
B0027,10,1.802177888140868,0.988411234585359
B0027,11,1.810054375611175,0.9927311237350108
B0027,12,1.8191618703574552,0.9977261634507831
B0027,13,1.806344581230731,0.9906964730671929
B0027,14,1.8120006378747944,0.9937985585867364
B0027,15,1.809238569578753,0.9922836918510692
B0027,16,1.7820717716005336,0.977383959418394
B0027,17,1.8145504562341048,0.9951970160470565
B0027,18,1.809153485164282,0.9922370269842409
B0027,19,1.806555150809371,0.9908119607438307
B0027,20,1.802401655959492,0.9885339608863095
B0027,21,1.7964331683322998,0.9852605214200834
B0027,22,1.8088036930508289,0.9920451821852443
B0027,23,1.7915527748749651,0.9825838512899205
B0027,24,1.7853375192239571,0.9791750709737811
B0027,25,1.793209210325309,0.9834923295368567
B0027,26,1.7873097711102113,0.9802567599316989
B0027,27,1.7700926253324452,0.9708139516350145
B0028,0,1.8046847720100736,0.9999453954159799
B0028,1,1.804783321452588,1.0
B0028,2,1.797618668222458,0.9960301864800238
B0028,3,1.7929913687761174,0.9934662778981248
B0028,4,1.7919180081592216,0.9928715468829734
B0028,5,1.775026135903797,0.983512045354652
B0028,6,1.7920487852223417,0.992944008248039
B0028,7,1.790475801581265,0.9920724445415379
B0028,8,1.7868365091987264,0.9900559740105439
B0028,9,1.7871529619962183,0.9902313151685269
B0028,10,1.7816340617009505,0.9871733855934541
B0028,11,1.7850235136604733,0.9890514237597171
B0028,12,1.7803865429693038,0.9864821565041679
B0028,13,1.7789060856417256,0.9856618600674817
B0028,14,1.7738387518973049,0.9828541359023768
B0028,15,1.769682881523146,0.9805514382185274
B0028,16,1.7408787283206992,0.9645915427230041
B0028,17,1.7648189744011906,0.9778564293140565
B0028,18,1.7617857390844025,0.9761757647817919
B0028,19,1.75770610357021,0.9739153075481174
B0028,20,1.7519375960601256,0.9707190748250437
B0028,21,1.7521244035832175,0.9708225817230028
B0028,22,1.759771413398964,0.9750596608919259
B0028,23,1.7483011320324189,0.9687041714377607
B0028,24,1.7411482627836237,0.9647408872231004
B0028,25,1.7363833316311177,0.9621007192340307
B0028,26,1.736559066269527,0.962198090833336
B0028,27,1.7172335652295243,0.9514901566396354
B0029,0,1.844701206961174,1.0
B0029,1,1.8254376674722927,0.9895573660296919
B0029,2,1.815750429913437,0.9843059803189329
B0029,3,1.8132993337127028,0.982977257709827
B0029,4,1.8151647619660576,0.9839884937009542
B0029,5,1.8143317955190057,0.9835369482452953
B0029,6,1.801343601809866,0.976496136616763
B0029,7,1.7881558802945825,0.9693471623191812
B0029,8,1.7760714604539518,0.9627962803687445
B0029,9,1.7852807447597443,0.9677885708660025
B0029,10,1.7698116401111978,0.9594028742609522
B0029,11,1.7565231680521758,0.9521992837776388
B0029,12,1.7543413277348154,0.9510165229548417
B0029,13,1.7392875506998715,0.9428559726293272
B0029,14,1.7797845109331345,0.9648090998243676
B0029,15,1.7657088508465202,0.9571787800557794
B0029,16,1.7523941408724169,0.9499609661768385
B0029,17,1.7380191225603103,0.9421683663466541
B0029,18,1.7312214443143976,0.9384833911212567
B0029,19,1.7379128985265808,0.9421107830191598
B0029,20,1.7224270683625882,0.9337160196257414
B0029,21,1.7184213765608034,0.9315445612959756
B0029,22,1.7010220930648232,0.9221125278423614
B0029,23,1.693698739563104,0.9181425876297765
B0029,24,1.713072721286705,0.9286450915856969
B0029,25,1.6976972688567131,0.9203101632124888
B0029,26,1.6899314034061208,0.9161003402767814
B0029,27,1.685023551367069,0.913439827007461
B0029,28,1.678389965463405,0.9098438051267186
B0029,29,1.6737947494868326,0.9073527697442774
B0029,30,1.6687898927884717,0.9046396709077424
B0029,31,1.6492566306631429,0.8940508221274532
B0029,32,1.6409676757039668,0.8895574359205723
B0029,33,1.6456360229757092,0.8920881152816124
B0029,34,1.654547743574037,0.8969190985133133
B0029,35,1.6461201520877546,0.8923505583863377
B0029,36,1.6275119188151763,0.8822631614667942
B0029,37,1.6200530533464497,0.8782197611369306
B0029,38,1.612079811711934,0.8738975209798645
B0030,0,1.7815548749509116,1.0
B0030,1,1.761969227822918,0.9890064306166638
B0030,2,1.751755031874225,0.9832731264718929
B0030,3,1.7381688070362076,0.9756470774351537
B0030,4,1.750674529346134,0.9826666323676231
B0030,5,1.7491047649061158,0.981785511913749
B0030,6,1.7252544028765475,0.9683981263412302
B0030,7,1.7112621367644252,0.9605441633177741
B0030,8,1.6990418392711273,0.9536848194574653
B0030,9,1.7185770039532977,0.9646500526685438
B0030,10,1.70324722921867,0.9560453361087745
B0030,11,1.689458044662304,0.9483053642727984
B0030,12,1.6756136292719177,0.9405343909589577
B0030,13,1.6718407140871654,0.9384166256081395
B0030,14,1.7233056681204446,0.9673042870306917
B0030,15,1.709207290507283,0.9593907628325947
B0030,16,1.684001734344571,0.9452426967151216
B0030,17,1.66898698813004,0.9368148080064201
B0030,18,1.6620689362837142,0.9329316540583743
B0030,19,1.6687049625248174,0.9366565049369003
B0030,20,1.652762183550463,0.9277077045387123
B0030,21,1.648481366235244,0.9253048499450042
B0030,22,1.6307406443132095,0.915346850799722
B0030,23,1.62323023017929,0.9111311994944955
B0030,24,1.654190654039439,0.9285095156471216
B0030,25,1.638514396616985,0.9197103157780263
B0030,26,1.618847673357618,0.9086712377592204
B0030,27,1.6134212267751404,0.9056253329382269
B0030,28,1.6066443601761986,0.9018214273194742
B0030,29,1.6138387876938998,0.9058597129871551
B0030,30,1.596329501327274,0.8960316203402148
B0030,31,1.589078586740699,0.8919616280607039
B0030,32,1.5805481432309574,0.8871734266812901
B0030,33,1.584613105427081,0.8894551201914243
B0030,34,1.5936651221220737,0.8945360844784447
B0030,35,1.5849874126960888,0.8896652216450874
B0030,36,1.5787064969416462,0.8861396969235346
B0030,37,1.570705516096967,0.8816486868754159
B0030,38,1.562780404428482,0.877200262760103
B0031,0,1.8328583629543171,1.0
B0031,1,1.8139835002945135,0.9897019524032507
B0031,2,1.8044387333514835,0.9844943667349041
B0031,3,1.802147684291295,0.983244379771102
B0031,4,1.7715647509798835,0.9665584568817218
B0031,5,1.8139928165779544,0.9897070353292581
B0031,6,1.8013261041198854,0.9827961290016943
B0031,7,1.7883722583933568,0.9757285639413757
B0031,8,1.776540165737316,0.9692730227521652
B0031,9,1.7856209131823229,0.9742274412869231
B0031,10,1.781363403668594,0.9719045615708568
B0031,11,1.768489838397124,0.9648807971973132
B0031,12,1.766505238291406,0.9637980075252738
B0031,13,1.751740527921767,0.9557424421482306
B0031,14,1.7352349314055016,0.9467370564349228
B0031,15,1.7782778274549178,0.9702210838531882
B0031,16,1.7649894859707391,0.9629710192804082
B0031,17,1.762591283533551,0.9616625698739181
B0031,18,1.744314576121582,0.9516908733253044
B0031,19,1.7628373753518478,0.9617968365599155
B0031,20,1.747857930947971,0.9536241131751516
B0031,21,1.7441167338864991,0.9515829314138717
B0031,22,1.7268422932817389,0.9421580675215433
B0031,23,1.7203093493042263,0.9385937201013845
B0031,24,1.7394245516699778,0.949022896055243
B0031,25,1.7367384416372014,0.9475573654462948
B0031,26,1.716963468448543,0.9367682212394376
B0031,27,1.7127773558366357,0.934484295379962
B0031,28,1.7061083466554066,0.9308457113431248
B0031,29,1.713732696207521,0.9350055251651951
B0031,30,1.7093475797926974,0.9326130236476444
B0031,31,1.690100045411559,0.9221116478893375
B0031,32,1.6946883343387664,0.9246149994957387
B0031,33,1.687010991299212,0.9204262726444289
B0031,34,1.6957069027070075,0.9251707262168146
B0031,35,1.687696889615565,0.9208004959506136
B0031,36,1.6819617127259294,0.9176714069792262
B0031,37,1.6750033888978846,0.9138749740585563
B0031,38,1.6672987794846676,0.909671370785689
B0032,0,1.8940319526948568,1.0
B0032,1,1.8747686491853093,0.9898294727910268
B0032,2,1.8654947184112376,0.9849330766342057
B0032,3,1.8527398169018068,0.9781988177473464
B0032,4,1.844174397003866,0.9736764970516718
B0032,5,1.8430238477512757,0.9730690367335113
B0032,6,1.8302818174911863,0.966341573534192
B0032,7,1.8173838456081812,0.9595317771816787
B0032,8,1.805799298110468,0.9534154350147842
B0032,9,1.8149829605049184,0.9582641717963277
B0032,10,1.7995150369321795,0.9500975072631709
B0032,11,1.7866516942518147,0.9433059942361268
B0032,12,1.7735550719416031,0.9363913155837538
B0032,13,1.769995333364443,0.934511865465663
B0032,14,1.799526080374287,0.9501033379156537
B0032,15,1.7968530684449833,0.9486920565877435
B0032,16,1.7838265504081745,0.9418143911828518
B0032,17,1.7696444491040102,0.9343266076298944
B0032,18,1.7512940457049684,0.9246380681240363
B0032,19,1.7697554297961993,0.9343852025717755
B0032,20,1.7547726933914918,0.9264747043442298
B0032,21,1.7389166355812984,0.9181031149485847
B0032,22,1.7337200518764075,0.915359452837976
B0032,23,1.7150972597500092,0.9055270991124217
B0032,24,1.7462926148815636,0.9219974416993929
B0032,25,1.719149261914565,0.9076664517029577
B0032,26,1.711582246191498,0.903671262650154
B0032,27,1.69510511952259,0.8949717649223231
B0032,28,1.7005124371100973,0.8978266890854628
B0032,29,1.7080989351250158,0.9018321642856696
B0032,30,1.691435430587127,0.8930342638520579
B0032,31,1.6844494328889932,0.8893458373246204
B0032,32,1.664037581688075,0.8785689065701651
B0032,33,1.6686372014231974,0.8809973871079818
B0032,34,1.6899344075625968,0.8922417624254613
B0032,35,1.669431712846442,0.8814168686389634
B0032,36,1.6634226761839213,0.8782442523301567
B0032,37,1.643615219594737,0.867786426335721
B0032,38,1.6358000873538243,0.8636602381635556
B0034,0,1.6623217152845853,0.9132100371722426
B0034,1,1.645087369694532,0.9037422083926389
B0034,2,1.620729289277574,0.8903608975919154
B0034,3,1.5967402025126003,0.8771822964734072
B0034,4,1.4856500618812698,0.8161540186601446
B0034,5,1.4866702197497013,0.8167144507331818
B0034,6,1.4701330958405268,0.8076296463893766
B0034,7,1.4565041801019636,0.8001424900021427
B0034,8,1.4418961035576472,0.7921174236137353
B0034,9,1.4370949588970292,0.7894798755063632
B0034,10,1.4458703624967404,0.794300715283531
B0034,11,1.432104054561837,0.7867380813689488
B0034,12,1.426720633302465,0.783780654847246
B0034,13,1.4230846885129826,0.7817832188239845
B0034,14,1.4409479522418909,0.791596548929644
B0034,15,1.486901544051865,0.8168415306315164
B0034,16,1.5245313226850703,0.8375137574504566
B0034,17,1.4629049605190707,0.8036588111022596
B0034,18,1.423079450854989,0.7817803414737057
B0034,19,1.4051040863603437,0.7719054278950609
B0034,20,1.6329463925070862,0.8970724632243536
B0034,21,1.5687138208259117,0.8617857743522228
B0034,22,1.5149520966053402,0.8322513312161618
B0034,23,1.4855182940634626,0.816081630931168
B0034,24,1.480771929049074,0.8134741764707173
B0034,25,1.484026357317059,0.8152620232709211
B0034,26,1.4922153055506522,0.8197606889937118
B0034,27,1.473312924099279,0.8093765110640521
B0034,28,1.441593178980006,0.7919510095181577
B0034,29,1.4225873198015788,0.7815099852523761
B0034,30,1.4266489379486664,0.7837412684179493
B0034,31,1.4596775560238575,0.801885810032765
B0034,32,1.4396159938545154,0.7908648266900421
B0034,33,1.4195512657848512,0.7798421041340704
B0034,34,1.4118101714470452,0.7755894706137464
B0034,35,1.4044196701845313,0.7715294382682588
B0034,36,1.4735059098606866,0.8094825293712956
B0034,37,1.492658600645149,0.8200042167813846
B0034,38,1.4820260149945934,0.8141631188471508
B0034,39,1.423575357658995,0.782052771934522
B0034,40,1.403825219724535,0.7712028720436351
B0034,41,1.5363173478836123,0.8439885068390436
B0034,42,1.5440367168176732,0.8482292053310398
B0034,43,1.507892155360249,0.8283728947212382
B0034,44,1.8203060058691087,1.0
B0034,45,1.5936575758226643,0.8754888302759675
B0034,46,1.533070464968097,0.842204805139963
B0034,47,1.4862143093107285,0.8164639926027891
B0034,48,1.5029318848267783,0.8256479295134779
B0034,49,1.5202185406928062,0.8351444953712466
B0034,50,1.5118194735004464,0.8305303990790412
B0034,51,1.464601301820905,0.8045907100776872
B0034,52,1.4546140961511749,0.7991041569171039
B0034,53,1.4333400490204142,0.7874170850389867
B0034,54,1.449326234639616,0.7961992269248337
B0034,55,1.495199821798908,0.8214002574171708
B0034,56,1.4720590241846008,0.8086876708851836
B0034,57,1.4097383014648728,0.7744512718848007
B0034,58,1.3861944181384176,0.7615172469183699
B0034,59,1.3624125407550536,0.7484524779692561
B0034,60,1.4471377445077278,0.7949969619623317
B0034,61,1.4554483390450048,0.7995624550774901
B0034,62,1.4423952167302958,0.7923916155194035
B0034,63,1.377541945989605,0.7567639405397087
B0034,64,1.3539935892900532,0.7438274580891614
B0034,65,1.5509038861664448,0.8520017410072559
B0034,66,1.5562932697752867,0.8549624429944301
B0034,67,1.5067526605064707,0.8277469038987588
B0034,68,1.444138733302766,0.7933494306157931
B0034,69,1.4144103811292437,0.7770179170803376
B0034,70,1.3897574212362729,0.7634746118264497
B0034,71,1.449968311475299,0.7965519570886702
B0034,72,1.4678653068012166,0.8063838179231746
B0034,73,1.4290644310445066,0.7850682393162774
B0034,74,1.376744834668327,0.7563260409125538
B0034,75,1.3515813262521057,0.7425022616495683
B0034,76,1.353993472828928,0.7438273941102892
B0034,77,1.3577165116893766,0.7458726759741322
B0034,78,1.334169315351027,0.7329368309775065
B0034,79,1.3372147888783987,0.7346098867810651
B0034,80,1.339045224276927,0.7356154514458119
B0034,81,1.3439244604756322,0.73829589977866
B0034,82,1.3454786192090245,0.7391496895966253
B0034,83,1.3482263029682544,0.7406591521542232
B0034,84,1.3373192299576058,0.7346672623425752
B0034,85,1.3402523341553034,0.7362785871353521
B0034,86,1.329096568237912,0.7301500758403157
B0034,87,1.3323485655766352,0.7319365871896372
B0034,88,1.3501541310555516,0.7417182202895155
B0034,89,1.381523441054128,0.7589512074342231
B0034,90,1.3835971952817807,0.7600904412888423
B0034,91,1.33011618620809,0.7307102113158295
B0034,92,1.3176982121703231,0.7238882956611383
B0034,93,1.3063657719651272,0.7176627269003599
B0034,94,1.3381567383793782,0.7351273544474587
B0034,95,1.3563258092165067,0.7451086821904574
B0034,96,1.3648997529550058,0.7498188483443099
B0034,97,1.3337639975535058,0.7327141663286979
B0034,98,1.3060123668658763,0.7174685809171508
B0034,99,1.3101868361375808,0.7197618597715001
B0034,100,1.3567668941696105,0.7453509958188702
B0034,101,1.3916857433587717,0.7645339513640228
B0034,102,1.3629935079344777,0.7487716370433628
B0034,103,1.3211711973900628,0.7257962085112536
B0034,104,1.3074869015593356,0.7182786286172106
B0034,105,1.3105881895483489,0.7199823465520051
B0034,106,1.376312668196664,0.756088626724901
B0034,107,1.391764929132287,0.7645774527166855
B0034,108,1.3649746353453525,0.7498599855982141
B0034,109,1.3219093937291897,0.7262017427108589
B0034,110,1.3090033888073913,0.7191117232964384
B0034,111,1.3327005721973733,0.7321299649072315
B0034,112,1.7423975189669398,0.957200335190362
B0034,113,1.37734756281946,0.7566571545545402
B0034,114,1.34875988767775,0.740952281280741
B0034,115,1.3501504559881146,0.7417162013611456
B0034,116,1.3387814875085953,0.7354705654939546
B0034,117,1.3253371210402685,0.728084792758503
B0034,118,1.3308160596334049,0.7310946925091334
B0034,119,1.333083376618503,0.7323402616484912
B0034,120,1.3333226534895923,0.7324717103556414
B0034,121,1.3264281097516477,0.7286841363347268
B0034,122,1.323971040986857,0.7273343255024445
B0034,123,1.3249364225071156,0.7278646657403749
B0034,124,1.3283067675570923,0.72971619237332
B0034,125,1.314584348909226,0.7221776693977203
B0034,126,1.3166841798543305,0.7233312287104591
B0034,127,1.3041727649654071,0.7164579805595528
B0034,128,1.3534450073572306,0.7435260901152856
B0034,129,1.371294082513786,0.7533316256126172
B0034,130,1.357699321922511,0.7458632326350397
B0034,131,1.3286903090919502,0.7299268940540381
B0034,132,1.3143943268181724,0.7220732792070376
B0034,133,1.3866783030110723,0.7617830730328223
B0034,134,1.3868330458429208,0.7618680822737683
B0034,135,1.3548037379291014,0.7442725198735185
B0034,136,1.3255787669951669,0.7282175429412302
B0034,137,1.3119728676377551,0.7207430307913263
B0034,138,1.3064487948795198,0.7177083362177631
B0034,139,1.3418431880549024,0.737152535743152
B0034,140,1.3609210170759327,0.7476330972309012
B0034,141,1.329960367739497,0.7306246111650359
B0034,142,1.299069387625936,0.7136543984568643
B0034,143,1.2984544371955695,0.7133165704057653
B0034,144,1.317648609161009,0.723861045842067
B0034,145,1.3360648564106594,0.7339781619699445
B0034,146,1.3635797361860138,0.7490936863304859
B0034,147,1.3333112541544827,0.7324654480376175
B0034,148,1.3023273463118925,0.7154441847210704
B0034,149,1.2888728444455877,0.708052844021801
B0034,150,1.2902746194203034,0.7088229205749718
B0034,151,1.292407565676824,0.7099946720550215
B0034,152,1.295409150510234,0.7116436172454084
B0034,153,1.283229881592695,0.704952836201853
B0034,154,1.4557454024367815,0.7997256492826507
B0034,155,1.454676342673242,0.7991383525533686
B0034,156,1.423427718198495,0.7819716649887536
B0034,157,1.392551210363313,0.7650094027451372
B0034,158,1.3765732493746907,0.7562317791274018
B0034,159,1.3810190828982352,0.7586741341540896
B0034,160,1.4007568321672863,0.7695172282302569
B0034,161,1.374645303479972,0.7551726462736383
B0034,162,1.3345924114397838,0.7331692622760864
B0034,163,1.336396621564738,0.7341604198721922
B0034,164,1.3069152971756248,0.7179646130715454
B0034,165,1.341539456674081,0.7369856784236453
B0034,166,1.346388970161922,0.7396497983420574
B0034,167,1.344989807277774,0.7388811567622148
B0034,168,1.3158760805047784,0.722887292720056
B0034,169,1.2972766889740088,0.712669564782665
B0034,170,1.2851255211005648,0.7059942212776357
B0034,171,1.3190209156530253,0.7246149336431246
B0034,172,1.3410097849290994,0.7366946989162032
B0034,173,1.326126983882746,0.7285187103745142
B0034,174,1.3091442679990724,0.7191891164332114
B0034,175,1.363001289617145,0.7487759119744141
B0034,176,1.329285701687194,0.7302539778483694
B0034,177,1.2969085930621855,0.7124673482813534
B0034,178,1.2986285924941396,0.7134122440441583
B0034,179,1.2840657611821942,0.7054120334943983
B0034,180,1.3021015914136362,0.7153201644203472
B0034,181,1.3089076351731337,0.719059120253901
B0034,182,1.2722519696513912,0.6989220304439703
B0034,183,1.276011534360331,0.7009873780815753
B0034,184,1.2605053003103004,0.6924689015177257
B0034,185,1.2660681251347117,0.6955248848559531
B0034,186,1.265829016865281,0.6953935287715037
B0034,187,1.2655873898206993,0.6952607889773138
B0034,188,1.2663598323027554,0.6956851365757756
B0034,189,1.2868479432728903,0.7069404479926891
B0034,190,1.270026164613209,0.6976992662323456
B0034,191,1.34598253292492,0.7394265187200093
B0034,192,1.3286875315413778,0.7299253681839023
B0034,193,1.31203071983408,0.7207748123687854
B0034,194,1.295125492961198,0.7114877876496583
B0034,195,1.2802601605963335,0.7033213956710925
B0036,0,1.8011007566288924,0.7369291115436319
B0036,1,1.8044229856020628,0.7382884176438222
B0036,2,1.804388833772829,0.738274444257224
B0036,3,1.7989248871784247,0.7360388440030368
B0036,4,1.792996521672392,0.7336132244983048
B0036,5,1.7885507985621891,0.7317942353219842
B0036,6,1.7890856930727703,0.732013090005711
B0036,7,1.7893137312833287,0.7321063929457527
B0036,8,1.7860759459480868,0.730781637369649
B0036,9,1.7836324249650817,0.7297818589061639
B0036,10,1.782972873807272,0.729512000350526
B0036,11,1.7813775963259668,0.7288592848305102
B0036,12,1.7785359545932946,0.727696613331053
B0036,13,1.7759043090943398,0.7266198628092929
B0036,14,1.7780426649905914,0.7274947814972058
B0036,15,1.7830029333591657,0.7295242993619994
B0036,16,1.7883000424613875,0.7316916372469472
B0036,17,1.779294712578026,0.7280070628411688
B0036,18,1.7709235500451854,0.7245819610831417
B0036,19,1.7659050180801104,0.7225286043852087
B0036,20,1.7826929241469245,0.7293974575889856
B0036,21,1.7964662072920203,0.7350328632006915
B0036,22,1.7909083533422898,0.732758840296537
B0036,23,1.78518002808874,0.7304150682314847
B0036,24,1.7811343176546524,0.7287597461820202
B0036,25,1.7755577789223569,0.726478078308441
B0036,26,1.776885870616115,0.727021473467389
B0036,27,1.7713083410378214,0.7247394001843633
B0036,28,1.7713348840874137,0.7247502604018617
B0036,29,1.766084286640505,0.722601952986309
B0036,30,1.7592793663412327,0.7198176868358388
B0036,31,1.7610368813762425,0.7205367826379518
B0036,32,1.760242767365706,0.720211867038369
B0036,33,1.7555899416034395,0.7183081408073213
B0036,34,1.7545602176655593,0.7178868242630445
B0036,35,1.7499108336094895,0.7159845062227825
B0036,36,1.7610225525303758,0.7205309199211576
B0036,37,1.7624094574337117,0.7210983787901015
B0036,38,1.7536170397120676,0.7175009184281066
B0036,39,1.746204477519168,0.7144680326492456
B0036,40,1.7406176172769725,0.7121821416798223
B0036,41,1.750690404425682,0.7163034714038518
B0036,42,1.765112055153915,0.722204159757368
B0036,43,1.763188826756488,0.7214172615291621
B0036,44,1.985492952897096,0.8123740731158203
B0036,45,1.765355730813324,0.7223038608354627
B0036,46,1.7571880383127276,0.7189620098281421
B0036,47,1.7573770661844437,0.7190393514988109
B0036,48,1.7617376127979814,0.7208234902983379
B0036,49,1.7606892547636663,0.7203945495231125
B0036,50,1.760669562156983,0.7203864921975611
B0036,51,1.752963802649152,0.7172336433150237
B0036,52,1.750535708024147,0.7162401766207461
B0036,53,1.7500761995337284,0.7160521664928593
B0036,54,1.7465957802278385,0.7146281360506704
B0036,55,1.753614286788707,0.7174997920561594
B0036,56,1.750725029920349,0.7163176385929597
B0036,57,1.743305349081011,0.7132818401853767
B0036,58,1.733662505277619,0.7093364238666982
B0036,59,1.7319207051538927,0.7086237578967685
B0036,60,1.7428604522751463,0.7130998084991049
B0036,61,1.743306971099712,0.7132825038421964
B0036,62,1.738524506272696,0.7113257351589396
B0036,63,1.7295622663746972,0.7076587912296978
B0036,64,1.7273036765742085,0.706734678256623
B0036,65,1.7449370491071912,0.7139494581663103
B0036,66,1.7642432071133691,0.7218486663668792
B0036,67,1.7504882032049596,0.7162207397935342
B0036,68,1.7442710815479925,0.7136769743089187
B0036,69,1.7365413923373951,0.7105143344724136
B0036,70,1.733223093105756,0.7091566362450337
B0036,71,1.73860622908762,0.7113591724450954
B0036,72,1.7432134953746192,0.7132442577958329
B0036,73,1.7332698214832971,0.7091757553873796
B0036,74,1.7298906291663272,0.7077931424587499
B0036,75,1.7204403348841348,0.7039265087107098
B0036,76,1.724420729012913,0.7055551062770138
B0036,77,1.7214872814061166,0.704354871958817
B0036,78,1.7197448773569262,0.7036419588898539
B0036,79,1.7164304142145894,0.7022858302170205
B0036,80,1.711202925329962,0.7001469777818226
B0036,81,1.7102343231599222,0.6997506695053535
B0036,82,1.713096882151029,0.700921899402567
B0036,83,1.7103708617208135,0.6998065349198778
B0036,84,1.7064617296121434,0.6982070945547864
B0036,85,1.7029429979110946,0.6967673884102685
B0036,86,1.7072612643840062,0.6985342280851613
B0036,87,1.7038637196766078,0.6971441061869622
B0036,88,1.7079617948422274,0.6988208535203494
B0036,89,1.711302283362779,0.700187630602926
B0036,90,1.714122057472244,0.7013413548582703
B0036,91,1.7053324925701605,0.6977450617412373
B0036,92,1.6934609472531408,0.6928877613870384
B0036,93,1.6905244127230223,0.6916862640391901
B0036,94,1.7007774858498304,0.6958813586457087
B0036,95,1.6971104467944576,0.6943809718277443
B0036,96,1.6997924522951835,0.6954783273885206
B0036,97,1.691270477395412,0.6919915200189872
B0036,98,1.6857127009469863,0.6897175288248675
B0036,99,1.6832093771286156,0.6886932817411948
B0036,100,1.692886364169521,0.6926526679311275
B0036,101,1.6984668174144633,0.6949359374465448
B0036,102,1.6935813413828429,0.6929370212292266
B0036,103,1.6830951253781283,0.6886465350832585
B0036,104,1.6850462226942986,0.6894448360147576
B0036,105,1.6803098840017598,0.6875069400631756
B0036,106,1.6944038437227715,0.6932735520514892
B0036,107,1.6955686127180103,0.6937501229360751
B0036,108,1.6841854728350405,0.6890926560344262
B0036,109,1.6722180144870118,0.684196112398325
B0036,110,1.6675976965747183,0.6823056869117863
B0036,111,1.6781873787039017,0.6866385067244851
B0036,112,2.444062432078656,1.0
B0036,113,1.6913403148932205,0.6920200943699907
B0036,114,1.6802787096613283,0.6874941849305642
B0036,115,1.673147301023026,0.6845763344924161
B0036,116,1.6704292090032429,0.6834642139573153
B0036,117,1.6659903350115992,0.6816480271310775
B0036,118,1.664241575272447,0.6809325136007358
B0036,119,1.6668450767774965,0.6819977488708656
B0036,120,1.6594501560667536,0.6789720811900063
B0036,121,1.662412523067319,0.680184148018449
B0036,122,1.66035260832257,0.6793413239081838
B0036,123,1.6610231379633236,0.6796156743633739
B0036,124,1.6575187557321611,0.678181839374068
B0036,125,1.6507877959674548,0.675427834535091
B0036,126,1.653257006211014,0.6764381238841479
B0036,127,1.6494214846772686,0.6748688016428649
B0036,128,1.6678591915666705,0.6824126788562308
B0036,129,1.670862764324967,0.6836416052203343
B0036,130,1.6658118164053368,0.6815749853773485
B0036,131,1.6532998517617,0.6764556543490509
B0036,132,1.6468787023528522,0.6738284099200341
B0036,133,1.6718953249703756,0.6840640824172571
B0036,134,1.6807743463585727,0.6876969770895284
B0036,135,1.6737717086703074,0.6848318139102435
B0036,136,1.6605773762487392,0.6794332887955039
B0036,137,1.655987781146086,0.6775554336955628
B0036,138,1.646862318389844,0.6738217063420923
B0036,139,1.6574621175432849,0.6781586655843428
B0036,140,1.6603991175216894,0.6793603533726154
B0036,141,1.6460789092837111,0.6735011707060747
B0036,142,1.6408366462659327,0.67135627336263
B0036,143,1.63444089202816,0.6687394194910482
B0036,144,1.6374039186504212,0.6699517562069075
B0036,145,1.64738207540524,0.6740343674462335
B0036,146,1.6545646441622357,0.676973150295118
B0036,147,1.640896560729935,0.671380787656216
B0036,148,1.6265229979339637,0.6654997747134547
B0036,149,1.6217349144630455,0.6635407071347897
B0036,150,1.6248200059639546,0.6648029872878729
B0036,151,1.61880119736137,0.6623403625514559
B0036,152,1.6137350490334217,0.6602675233876708
B0036,153,1.612012823654141,0.6595628665193861
B0036,154,1.6671032556887178,0.6821033840247932
B0036,155,1.6850133383886254,0.6894313812415728
B0036,156,1.6786654987614698,0.6868341318653541
B0036,157,1.6729763502191373,0.6845063891417389
B0036,158,1.666489034299654,0.6818520723639281
B0036,159,1.6698420840710908,0.6832239889432379
B0036,160,1.6746744228027035,0.685201163776494
B0036,161,1.6665045335145643,0.6818584139428939
B0036,162,1.652222084834727,0.6760146807827347
B0036,163,1.6462718275099526,0.6735801041341695
B0036,164,1.642399234692521,0.6719956139973369
B0036,165,1.651178607099992,0.6755877368057565
B0036,166,1.6481683120281931,0.674356059974474
B0036,167,1.6478887725428395,0.6742416850380221
B0036,168,1.635843650915682,0.6693133650945281
B0036,169,1.6332362811945516,0.6682465471250244
B0036,170,1.629926467682987,0.6668923208711764
B0036,171,1.6387862629287224,0.6705173490739954
B0036,172,1.6359654863840771,0.6693632146674343
B0036,173,1.631137043967566,0.6673876340304027
B0036,174,1.6220189720888465,0.6636569306903228
B0036,175,1.6416044978422155,0.6716704435598413
B0036,176,1.6253090231457803,0.6650030710399929
B0036,177,1.6196134522239485,0.6626727005686511
B0036,178,1.6124236174774371,0.6597309448049097
B0036,179,1.6077701029913394,0.6578269367791654
B0036,180,1.6088077531981582,0.658251496394828
B0036,181,1.6083556258734268,0.6580665063066875
B0036,182,1.606820251901154,0.6574383005979786
B0036,183,1.601770977206713,0.6553723653631954
B0036,184,1.594911734692208,0.6525658730148509
B0036,185,1.5938139125387372,0.6521166937553272
B0036,186,1.5920273129504596,0.6513856978671583
B0036,187,1.5847361549778751,0.6484024852139597
B0036,188,1.5763429363936798,0.644968359115529
B0036,189,1.5720229174642286,0.6432008024145419
B0036,190,1.5729874285512353,0.6435954368045426
B0036,191,1.596985400389019,0.6534143233938567
B0036,192,1.595726023703856,0.6528990433140054
B0036,193,1.579500338340559,0.6462602254383519
B0036,194,1.5629469877520186,0.6394873417463172
B0036,195,1.5591129431541175,0.6379186238004992
B0045,0,0.927952404748273,1.0
B0045,1,0.885193608411576,0.9539213475627597
B0045,2,0.8581010699478283,0.9247253043981352
B0045,3,0.8409352213456689,0.9062266739572603
B0045,4,0.8245471942901911,0.8885662562767616
B0045,5,0.7935960418803983,0.8552120106803088
B0045,6,0.8183676087159205,0.881906878551514
B0045,7,0.7977644276409412,0.8597040360678325
B0045,8,0.7993777411831636,0.8614426096562701
B0045,9,0.7783107440628891,0.8387399397644997
B0045,10,0.7803738231239117,0.8409631993309019
B0045,11,0.7713058245640294,0.831191147969774
B0045,12,0.795279016979026,0.8570256544512782
B0045,13,0.7824128169919247,0.8431605036943365
B0045,14,0.7649414992231182,0.8243326870095509
B0045,15,0.7544899426779375,0.8130696561776883
B0045,16,0.7504048978314295,0.8086674424158563
B0045,17,0.7407258109620256,0.7982368569463036
B0045,19,0.7308525593793626,0.787597031528381
B0045,20,0.7287255851177903,0.7853049158436879
B0045,21,0.7161023377036263,0.7717015808562773
B0045,22,0.7129204834988017,0.7682726827915238
B0045,23,0.7141991829499618,0.7696506623566578
B0045,24,0.7190570819844222,0.7748857358470684
B0045,25,0.7173975428775917,0.7730973476729135
B0045,26,0.7071027496463946,0.7620032514902652
B0045,27,0.703531206505542,0.7581544084649362
B0045,28,0.6941108278958862,0.7480026177465197
B0045,29,0.6914114388869608,0.7450936441880561
B0045,30,0.6971551798505504,0.7512833376833251
B0045,31,0.6832460217432723,0.7362942519973505
B0045,32,0.6822029317493292,0.7351701749556772
B0045,33,0.7289529213213379,0.785549902765845
B0045,34,0.7139321758287004,0.7693629244081434
B0045,35,0.6957731747455482,0.7497940316608066
B0045,36,0.7018312962317095,0.7563225146467466
B0045,37,0.6911808244378487,0.7448451244925071
B0045,38,0.6843279752855028,0.7374602100106001
B0045,39,0.6741394908812485,0.7264806766292321
B0045,40,0.6670070174301739,0.7187944274050497
B0045,41,0.6804085117374855,0.7332364335238303
B0045,42,0.6617864063235485,0.7131684803414807
B0045,43,0.6623168733492338,0.713740133610518
B0045,44,0.6679358357181778,0.7197953605167603
B0045,45,0.6488990885270688,0.6992805721572505
B0045,46,0.6503639129625527,0.70085912772539
B0045,47,0.6572077690202801,0.7082343508755299
B0045,48,0.6363517458476216,0.6857590352602682
B0045,49,0.6536449360948587,0.7043948943396229
B0045,50,0.6391428272150887,0.6887668203074164
B0045,51,0.6482206049496236,0.6985494101127604
B0045,52,0.6287957471922729,0.6776163777094227
B0045,53,0.6380571850193401,0.6875968872481415
B0045,54,0.6554825047832906,0.7063751345750371
B0045,55,0.6484934835397033,0.6988434753996041
B0045,56,0.6454071687844921,0.69551753460844
B0045,57,0.6427008031845645,0.6926010427861446
B0045,58,0.6352454880802477,0.6845668860059387
B0045,59,0.6156760019587869,0.6634779960786914
B0045,60,0.6170833682807023,0.6649946324004617
B0045,61,0.6434227390858672,0.6933790308570938
B0045,62,0.6278124433742752,0.6765567287306969
B0045,63,0.6290078315253372,0.6778449285833459
B0045,65,0.6266355568292261,0.6752884669760778
B0045,66,0.6495813516716594,0.7000158072200614
B0045,67,0.6337485177966306,0.6829536887385387
B0045,68,0.6298550929085645,0.6787579725917366
B0045,69,0.6183063778386736,0.6663125982268482
B0045,70,0.6069476168507777,0.6540719262594349
B0049,0,1.4209057149417377,0.5973596199721704
B0049,1,1.372852133389263,0.577157527100959
B0049,2,1.3643742487429145,0.573593359614506
B0049,3,2.378643730568756,1.0
B0049,4,1.0605357965671216,0.44585735263243376
B0049,5,1.0069932376659496,0.42334765174151073
B0049,6,0.9298775334359536,0.3909276204274657
B0049,7,0.9232377029483808,0.3881361849542832
B0049,8,0.9053279121173716,0.38060677203681076
B0049,9,0.8595848360639872,0.3613760333324286
B0049,10,0.8369614294820705,0.3518649803356408
B0049,11,0.8456824187653132,0.35553135086905285
B0049,12,0.8071214007577537,0.3393200042466063
B0049,13,0.7820744360746734,0.32879006890522106
B0049,14,0.7953019444133349,0.33435101448469995
B0049,16,0.7752051154719997,0.3259021540340725
B0049,17,0.7711865903845158,0.3242127353809802
B0049,18,0.7585098914517947,0.3188833542845981
B0049,19,0.7349386490499009,0.30897382386649813
B0049,20,0.7366758033690756,0.30970413681620557
B0049,21,0.7093946599203638,0.29823493564996423
B0049,22,0.7186465009220309,0.30212448030214084
B0049,23,0.6913885231046639,0.2906650181443299
B0051,0,1.293180461998278,0.5548050864922784
B0051,1,1.2288940261191657,0.5272246809214443
B0051,2,1.2039031789717949,0.516503014827226
B0051,3,2.330873478782131,1.0
B0051,4,1.0092808819126011,0.4330054338427434
B0051,5,0.9565659895125322,0.41038949484822873
B0051,6,0.901956291365404,0.38696063925214486
B0051,7,0.8897906666138162,0.3817412977210274
B0051,8,0.8830717036634559,0.37885870327241283
B0051,9,0.8431270354481757,0.36172149330417763
B0051,10,0.826559103449663,0.3546134575616416
B0051,11,0.8352681546837963,0.3583498470797392
B0051,12,0.8025719464987874,0.3443223983646367
B0051,13,0.7839218784699513,0.3363210768863981
B0051,14,0.7910763493036002,0.3393905145451882
B0051,16,0.7654538269480236,0.328397844806218
B0051,17,0.773177347633947,0.33171141834688
B0051,18,0.7605293776416485,0.32628513926848624
B0051,19,0.7376430319247004,0.3164663541970176
B0051,20,0.739179500257907,0.317125535549928
B0051,21,0.7014575429842594,0.30094192128813757
B0051,22,0.7047349480541781,0.3023480057881127
B0051,23,0.677848893570423,0.290813250800981
B0053,0,1.1540727934432229,1.0
B0053,1,1.1501525413826983,0.9966031154336215
B0053,2,1.1305863853936766,0.9796491103654964
B0053,3,1.121790272357562,0.9720273094824939
B0053,4,1.1135982401443856,0.9649289424993029
B0053,5,1.0864654057095062,0.9414184372789802
B0053,6,1.0647493568993147,0.9226015576734912
B0053,7,1.0809288094959644,0.9366209962120062
B0053,8,1.0852752041846463,0.9403871318607935
B0053,9,1.0504799933740894,0.9102372045700339
B0053,10,1.0853550177054303,0.9404562899946975
B0053,11,1.0508395690790722,0.9105487756485878
B0053,12,1.060906788333118,0.9192719855806146
B0053,13,1.070582461063814,0.9276559218328749
B0053,14,1.024036665663697,0.8873241544915397
B0053,15,1.0670957253433857,0.9246346776442605
B0053,16,1.0279237850447498,0.8906923297081613
B0053,17,1.0325426399701008,0.89469455118985
B0053,18,1.055948784653705,0.9149758929012086
B0053,19,1.0445313831308718,0.9050827548013416
B0053,20,1.035313906812183,0.8970958441220004
B0053,21,1.076341053101982,0.9326457214979263
B0053,22,1.0352223140423542,0.8970164793103965
B0053,23,1.0514287056908256,0.9110592604421819
B0053,24,1.060332934638968,0.9187747433811535
B0053,25,1.0236966462748538,0.887029528891859
B0053,26,1.0465884668750889,0.906865210601274
B0053,27,1.0031121684812232,0.8691931515761648
B0053,28,1.0461578935615607,0.9064921203456381
B0053,29,1.0156263513525603,0.8800366468413123
B0053,30,1.0250054893129452,0.8881636367622876
B0053,31,0.9801331625592912,0.8492819240933878
B0053,32,1.036777776420363,0.8983642819679463
B0053,33,1.026830062058722,0.8897446226031661
B0053,34,1.0150379662805102,0.8795268132542172
B0053,35,0.9904614739486176,0.8582313694386086
B0053,36,1.0145765174582757,0.8791269694793217
B0053,37,0.9811308944080388,0.8501464552169149
B0053,38,1.0041687429386437,0.8701086696123089
B0053,39,1.007820487960787,0.8732728937781419
B0053,40,0.982454133084564,0.8512930368572093
B0053,41,1.1096775355538029,0.9615316658172273
B0053,42,1.1136801589914762,0.9649999248910169
B0053,43,1.0385009100572404,0.8998573711791878
B0053,44,1.0768815902180078,0.9331140950000979
B0053,45,1.0721705505837382,0.9290319957936743
B0053,46,1.0124588999851116,0.8772920614170269
B0053,47,1.0279944857549583,0.8907535916238829
B0053,48,1.0304147279049998,0.8928507228999963
B0053,49,1.0556163273995052,0.9146878198644915
B0053,50,1.0011115418162628,0.8674596156360346
B0053,51,1.0466839215498662,0.9069479217398778
B0053,52,1.047181656018543,0.9073792068992755
B0053,53,1.0102740078425778,0.8753988600912984
B0054,0,1.1665440238116096,1.0
B0054,1,1.1052521456138635,0.9474585811194003
B0054,2,1.0960302257185877,0.9395532473239865
B0054,3,1.0754450685609742,0.9219069718835169
B0054,4,1.0655493528023796,0.9134240380579584
B0054,5,1.0568368579972396,0.9059554002463545
B0054,6,1.0449064445364842,0.8957282564633247
B0054,7,1.0458363976936966,0.8965254429717034
B0054,8,1.018187920878015,0.8728242570315946
B0054,9,1.0226409233672231,0.87664151758783
B0054,10,1.03890961861509,0.890587579558736
B0054,11,1.0173250354350074,0.8720845631791602
B0054,12,1.033183911994548,0.8856793150580672
B0054,13,1.0095232119739597,0.8653965828699767
B0054,14,0.9862483259626476,0.8454445831715316
B0054,15,1.0080048320000436,0.8640949774929633
B0054,16,1.0153387761254196,0.8703818762088924
B0054,17,1.0106786853355956,0.8663870927333426
B0054,18,1.010409656585336,0.8661564724183196
B0054,19,0.9801433323963482,0.8402111813952732
B0054,20,1.1016641723624383,0.9443828521471651
B0054,21,1.0826512239001271,0.9280843258384985
B0054,22,1.0575008387868343,0.9065245864716845
B0054,23,1.0385517331615322,0.8902807883479008
B0054,24,1.0073294901291132,0.8635160521741195
B0054,25,1.0160400308540347,0.8709830148837311
B0054,26,1.0158319636440951,0.8708046528110681
B0054,27,1.0015383803216271,0.8585517219051564
B0054,28,0.981248861591824,0.841158877472669
B0054,29,0.9987416030110134,0.8561542321803576
B0054,30,0.9584014230949642,0.8215732998772284
B0054,31,0.9800846133894624,0.8401608455265128
B0054,32,0.9720372198962766,0.8332623544889508
B0054,33,0.9693202807518412,0.8309333046725899
B0054,34,0.9479786388506264,0.812638545567415
B0054,35,0.9638519569071228,0.8262456771736714
B0054,36,0.9682336695484696,0.8300018257217817
B0054,37,0.9407020864603765,0.8064008449391317
B0054,38,0.9618442077038964,0.824524568358021
B0054,39,0.9332340144199704,0.7999989673520308
B0054,40,0.9313454737145216,0.7983800479911667
B0054,41,0.9976429099116704,0.8552123962299636
B0054,42,0.9833315262972036,0.8429442063268469
B0054,43,0.9904370062777442,0.8490352580450015
B0054,44,0.9499871340436294,0.8143602938700983
B0054,45,0.9526027840900876,0.8166025153320126
B0054,46,0.8850175175465715,0.7586661964585204
B0054,47,0.9937402750241768,0.8518669289284022
B0054,48,0.995507330519279,0.8533817071613989
B0054,49,0.975407870968116,0.8361517877233915
B0054,50,0.965960558373922,0.8280532398749139
B0054,51,0.9573702621688754,0.8206893547323898
B0054,52,0.9294756591964932,0.7967771813355913
B0054,53,0.9323553879823946,0.7992457798000471
B0054,54,0.954568378404969,0.8182874875874607
B0054,55,0.9330242104372936,0.7998191164605133
B0054,56,0.923294184000959,0.7914782169850333
B0054,57,0.9257799164262976,0.7936090687785359
B0054,58,0.9162765793280084,0.7854624948779318
B0054,59,0.9387011679112468,0.8046855915853904
B0054,60,0.9158990586877171,0.7851388717376258
B0054,61,0.9202608990433788,0.7888779851072263
B0054,62,0.9111253917360888,0.7810467270313928
B0054,63,0.8980507043695345,0.7698386739278043
B0054,64,0.9278864624016372,0.7954148694447264
B0054,65,0.9118415396987224,0.7816606326774854
B0054,66,0.8936491649329469,0.7660655291970929
B0054,67,0.9100864492604256,0.7801561112856891
B0054,68,0.911490473146094,0.7813596868533568
B0054,69,0.9337172811638196,0.8004132395389219
B0054,70,0.8981517756068776,0.7699253155249323
B0054,71,0.9139367135371254,0.7834566847729367
B0054,72,0.8764848617154279,0.7513517225449996
B0054,73,0.8854917958581964,0.7590727634649461
B0054,74,0.8819074622846708,0.7560001545446123
B0054,75,0.9045809105944796,0.7754365820149831
B0054,76,0.8734606349455996,0.7487592556443962
B0054,77,0.903131190986828,0.7741938345677717
B0054,78,0.8712217754060124,0.7468400314283467
B0054,79,0.8936499043476617,0.7660661630477661
B0054,80,0.8835064014687892,0.7573708179327749
B0054,81,0.8779403705367915,0.7525994326970844
B0054,82,0.8599389109365094,0.7371679879913258
B0054,83,0.8697358119609565,0.745566214568696
B0054,84,0.8638271814812677,0.7405011417046795
B0054,85,0.8865694537789144,0.7599965673666599
B0054,86,0.8690078572313327,0.7449421877726516
B0054,87,0.8474446088377652,0.7264574602755179
B0054,88,0.8799727721580702,0.7543416743783181
B0054,89,0.9110444582768508,0.7809773482016307
B0054,90,0.912172429335506,0.7819442821840874
B0054,91,0.8872043975884799,0.760540862135314
B0054,92,0.8961236767959215,0.7681867623545775
B0054,93,0.8851334001128452,0.7587655348151605
B0054,94,0.8793386645436118,0.7537980964236803
B0054,95,0.8461224238450626,0.7253240397052574
B0054,96,0.8705933152969343,0.746301294701528
B0054,97,0.8440520909609104,0.7235492820948352
B0054,98,0.8536244678403578,0.731755039172198
B0054,99,0.8524519337958137,0.7307499043289257
B0054,100,0.8373919001793014,0.7178399469598891
B0055,0,1.319892156462878,1.0
B0055,1,1.2769832801132015,0.9674906194876813
B0055,2,1.2572591312230863,0.9525468615499321
B0055,3,1.206763751299412,0.914289660250248
B0055,4,1.2077322536103197,0.9150234340712117
B0055,5,1.2009614290093835,0.9098936023892953
B0055,6,1.189059086549973,0.900875939543789
B0055,7,1.169708782604433,0.8862154206136696
B0055,8,1.1483647194613424,0.8700443546378784
B0055,9,1.1527726060972296,0.8733839355379572
B0055,10,1.1318370471727228,0.8575223677409252
B0055,11,1.1326525803383347,0.8581402463771597
B0055,12,1.1160565716574584,0.8455664852561365
B0055,13,1.0984641825068853,0.8322378287712626
B0055,14,1.092569410309668,0.8277717273793016
B0055,15,1.109167680712031,0.8403472020656911
B0055,16,1.107503502890571,0.8390863582813628
B0055,17,1.106751675424531,0.8385167454820452
B0055,18,1.0726694124582823,0.8126947396466714
B0055,19,1.0776844021506693,0.8164942846836132
B0055,20,1.1981714734535909,0.907779827000805
B0055,21,1.162538155268093,0.880782683324317
B0055,22,1.1556827465844224,0.8755887675561969
B0055,23,1.137444098422356,0.8617704809084882
B0055,24,1.1126375352125493,0.8429760944971887
B0055,25,1.098656067845981,0.8323832083298547
B0055,26,1.098530275888464,0.8322879036059794
B0055,27,1.1029370400968537,0.8356266341127194
B0055,28,1.0949644922735318,0.8295863316650656
B0055,29,1.0890679714830998,0.8251189054730395
B0055,30,1.073323391636053,0.8131902188981909
B0055,31,1.095373856745309,0.8298964816040381
B0055,32,1.0639517466243125,0.8060899077357583
B0055,33,1.085798072407703,0.8226415068011967
B0055,34,1.0588748965507555,0.8022434949446087
B0055,35,1.0813260035191288,0.8192532990096157
B0055,36,1.061601862588323,0.804309547102139
B0055,37,1.0593920670581127,0.8026353227957137
B0055,38,1.0742513141424723,0.8138932479311886
B0055,39,1.04056147341315,0.7883685559596822
B0055,40,1.0575656535324895,0.8012515631327138
B0055,41,1.0983528970914622,0.8321535147499404
B0055,42,1.109758993739737,0.8407952030821458
B0055,43,1.0793315779206871,0.8177422470735345
B0055,44,1.0716159094756148,0.8118965661159712
B0055,45,1.0746464211019795,0.81419259584198
B0055,46,1.08643683065179,0.8231254541001933
B0055,47,1.1340138347387958,0.859171583970762
B0055,48,1.1176964717951587,0.8468089353530407
B0055,49,1.1046468529644289,0.836922052726432
B0055,50,1.089700148407426,0.8255978665163571
B0055,51,1.075533547538172,0.8148647162359445
B0055,52,1.0609866776144368,0.8038434598003288
B0055,53,1.0518218041615568,0.7968998065571422
B0055,54,1.0553857898132757,0.7996000162934208
B0055,55,1.0533102333691788,0.7980274965735833
B0055,56,1.0315365260084348,0.7815309159596834
B0055,57,1.0533401053259417,0.7980501286928944
B0055,58,1.0317876798810788,0.7817211995911256
B0055,59,1.0354207912157296,0.7844737815478114
B0055,60,1.0322251791310608,0.782052665497518
B0055,61,1.011543397303472,0.7663833687854191
B0055,62,1.0413760568150228,0.7889857150191433
B0055,63,1.02174193386881,0.774110164126539
B0055,64,1.0133135547969283,0.7677245067600549
B0055,65,1.029994255962691,0.780362434096834
B0055,66,1.0189349807814327,0.7719835107680559
B0055,67,1.0290879520854015,0.779675784151343
B0055,68,1.0567629241900045,0.800643385155025
B0055,69,1.0291668536316647,0.7797355629339328
B0055,70,1.032129844490102,0.7819804363835771
B0055,71,1.0409230283951276,0.7886424836288536
B0055,72,1.011161098766987,0.7660937250182271
B0055,73,1.0337876112911784,0.7832364229374474
B0055,74,1.003994224020383,0.7606638308321672
B0055,75,1.0334195479955004,0.7829575643247375
B0055,76,1.009893656411646,0.765133462962623
B0055,77,1.0126262447940628,0.7672037748203279
B0055,78,0.9948742055727694,0.7537541614300443
B0055,79,1.0240799556179332,0.7758815374449385
B0055,80,1.0208889510043029,0.7734639121882041
B0055,81,1.016100815944114,0.7698362407631232
B0055,82,0.9987875345106276,0.75671904679488
B0055,83,1.0158868294923784,0.7696741165693488
B0055,84,0.9963437517762594,0.7548675449714907
B0055,85,1.0053777381419529,0.7617120332287004
B0055,86,1.009132291002791,0.7645566238586651
B0055,87,0.9984581240784204,0.7564694730470595
B0055,88,1.0892389324114138,0.8252484319100873
B0055,89,1.0793936031703524,0.8177892397383227
B0055,90,1.032614295314224,0.7823474745705608
B0055,91,1.0498572649026638,0.7954113976373123
B0055,92,1.0453902697248565,0.7920270338800653
B0055,93,1.0001607736713514,0.7577594644941591
B0055,94,1.0084094786878155,0.7640089940303975
B0055,95,1.003655158082039,0.7604069417093068
B0055,96,1.028526967659532,0.7792507612257028
B0055,97,0.9816844358987022,0.7437610952469601
B0055,98,1.0127121434171131,0.7672688548517757
B0055,99,1.0201379996149256,0.7728949631375561
B0055,100,0.9907591663373164,0.750636452748086
B0056,0,1.3443555553017368,1.0
B0056,1,1.317502710734752,0.980025489193625
B0056,2,1.2973654679476911,0.9650463843670443
B0056,3,1.263960414854898,0.9401980077890969
B0056,4,1.2589496187032136,0.9364707228964037
B0056,5,1.28061976902026,0.9525900822664646
B0056,6,1.2572786868607095,0.9352277988530474
B0056,7,1.2226260041048898,0.909451371910666
B0056,8,1.2292772249257495,0.9143988880604148
B0056,9,1.2275780135689456,0.9131349282767826
B0056,10,1.2133872888296768,0.9025791458550082
B0056,11,1.230223614493081,0.9151028607286565
B0056,12,1.1927530108462678,0.8872303209834677
B0056,13,1.18671066359878,0.8827357159486177
B0056,14,1.1914875140242167,0.8862889801179055
B0056,15,1.214178606017816,0.9031677678047731
B0056,16,1.2094387558721402,0.8996420263244161
B0056,17,1.207072299940321,0.8978817361076751
B0056,18,1.162961249391913,0.8650696944015601
B0056,19,1.17887968705904,0.8769106375243443
B0056,20,1.2945104146044433,0.9629226505586865
B0056,21,1.2602567563003473,0.9374430382872083
B0056,22,1.2408721291565108,0.9230237672339596
B0056,23,1.252197340273113,0.9314480349598145
B0056,24,1.2279025700477384,0.9133763498839703
B0056,25,1.1917170308946994,0.8864597064332597
B0056,26,1.1858570240011006,0.8821007354225857
B0056,27,1.1840938286611429,0.8807891810997697
B0056,28,1.2059829135917657,0.8970713951645674
B0056,29,1.165428493679393,0.8669049561206417
B0056,30,1.1790060613193858,0.8770046411232044
B0056,31,1.2013113747183153,0.8935964670809757
B0056,32,1.165597803317432,0.8670308972359747
B0056,33,1.180303335055002,0.8779696192724002
B0056,34,1.1658134189695046,0.8671912831184315
B0056,35,1.176396051577376,0.8750631832018109
B0056,36,1.1458325512940766,0.852328498048939
B0056,37,1.167557759980296,0.8684888126327867
B0056,38,1.145636654711916,0.8521827802130673
B0056,39,1.1443667002824445,0.851238123552511
B0056,40,1.1605177686388095,0.8632521092073254
B0056,41,1.227201304260248,0.9128547127436136
B0056,42,1.2454797202045476,0.9264511276743326
B0056,43,1.1722288849037228,0.8719634327993083
B0056,44,1.1953514999944956,0.8891632093015768
B0056,45,1.1919514716203925,0.886634095362415
B0056,46,1.2296223665252586,0.9146556219267999
B0056,47,1.2774519419396988,0.9502336914529864
B0056,48,1.2433879751668584,0.9248951813850939
B0056,49,1.230802542912592,0.9155334971159038
B0056,50,1.2162358534094664,0.9046980529912607
B0056,51,1.2088335726499548,0.8991918602803226
B0056,52,1.1946181162240357,0.8886176811728256
B0056,53,1.1734248134794991,0.8728530252669111
B0056,54,1.1404596305913128,0.8483318465071839
B0056,55,1.1821716406845988,0.8793593599717477
B0056,56,1.1480663382055174,0.8539901023043247
B0056,57,1.1825381935034152,0.8796320205914556
B0056,58,1.15520928628466,0.8593033901848804
B0056,59,1.1216816712671696,0.8343638458171219
B0056,60,1.162666262561457,0.8648502682019266
B0056,61,1.124695615744926,0.8366057709282804
B0056,62,1.1664177948797931,0.8676408486428979
B0056,63,1.1346745156379463,0.8440285839286555
B0056,64,1.1012231317092755,0.8191457441198353
B0056,65,1.1560733948472832,0.8599461580592092
B0056,66,1.1385609898764002,0.8469195410293473
B0056,67,1.1757265448773706,0.8745651700851432
B0056,68,1.1969385632452556,0.8903437476230803
B0056,69,1.1267457988726266,0.8381308013561425
B0056,70,1.1601031368559531,0.8629436850101544
B0056,71,1.1361458729690277,0.8451230543053939
B0056,72,1.1397253894261876,0.8477856806046965
B0056,73,1.1560010024767575,0.8598923089340724
B0056,74,1.126818619026835,0.8381849686885281
B0056,75,1.116688355680394,0.8306495638572018
B0056,76,1.1330613197666846,0.8428286068356167
B0056,77,1.0893839897995972,0.8103391885453161
B0056,78,1.112083645925937,0.827224346669459
B0056,79,1.1279950254648337,0.8390600395976779
B0056,80,1.1386774565024178,0.8470061748261567
B0056,81,1.1271136962200643,0.8384044621045857
B0056,82,1.110150886965375,0.8257866623061669
B0056,83,1.1344632260422465,0.8438714159868365
B0056,84,1.108458756302863,0.8245279695028839
B0056,85,1.0768220870214844,0.800995006696569
B0056,86,1.128398212919817,0.8393599509220246
B0056,87,1.1066350346531368,0.8231713926341129
B0056,88,1.271609072217319,0.9458874679414033
B0056,89,1.2415767175377967,0.9235478758884798
B0056,90,1.174652904422814,0.8737665417384067
B0056,91,1.1989389885187762,0.8918317656296498
B0056,92,1.1461398965188565,0.852557117050488
B0056,93,1.129224378671885,0.8399744950051058
B0056,94,1.1103432888019913,0.8259297805726535
B0056,95,1.153909472897475,0.8583365229137491
B0056,96,1.1302191455340138,0.8407144531643932
B0056,97,1.1258719408034097,0.8374807813032104
B0056,98,1.1430108283920968,0.8502295571170911
B0056,99,1.1372731775310292,0.8459616007431691
B0056,100,1.1290590137779504,0.8398514881909617
